turn,heroes,zombies
0,150,1
1,149,2
2,149,2
3,149,2
4,149,2
5,149,2
6,147,4
7,147,4
8,146,5
9,145,6
10,145,6
11,145,6
12,145,6
13,144,7
14,144,7
15,145,6
16,146,5
17,145,6
18,146,5
19,146,5
20,146,5
21,147,4
22,146,5
23,146,5
24,146,5
25,145,6
26,145,6
27,146,5
28,147,4
29,147,4
30,147,4
31,147,4
32,147,4
33,147,4
34,148,3
35,147,4
36,147,4
37,146,5
38,145,6
39,145,6
40,144,7
41,142,9
42,143,8
43,144,7
44,143,8
45,142,9
46,142,9
47,143,8
48,142,9
49,143,8
50,144,7
51,144,7
52,144,7
53,144,7
54,146,5
55,146,5
56,145,6
57,146,5
58,146,5
59,146,5
60,147,4
61,147,4
62,147,4
63,147,4
64,147,4
65,147,4
66,148,3
67,148,3
68,149,2
69,149,2
70,149,2
71,149,2
72,149,2
73,149,2
74,148,3
75,148,3
76,147,4
77,146,5
78,146,5
79,146,5
80,146,5
81,146,5
82,146,5
83,147,4
84,148,3
85,148,3
86,149,2
87,150,1
88,150,1
89,150,1
90,150,1
91,150,1
92,150,1
93,150,1
94,150,1
95,149,2
96,149,2
97,149,2
98,149,2
99,149,2
100,149,2
101,149,2
102,148,3
103,148,3
104,148,3
105,149,2
106,149,2
107,149,2
108,149,2
109,149,2
110,149,2
111,149,2
112,150,1
113,150,1
114,150,1
115,150,1
116,150,1
117,150,1
118,150,1
119,150,1
120,150,1
121,150,1
122,150,1
123,150,1
124,150,1
125,150,1
126,150,1
127,150,1
128,150,1
129,150,1
130,150,1
131,150,1
132,150,1
133,150,1
134,150,1
135,150,1
136,150,1
137,150,1
138,150,1
139,150,1
140,150,1
141,150,1
142,149,2
143,149,2
144,149,2
145,149,2
146,149,2
147,149,2
148,148,3
149,148,3
150,148,3
151,148,3
152,149,2
153,149,2
154,149,2
155,149,2
156,149,2
157,149,2
158,150,1
159,150,1
160,149,2
161,149,2
162,149,2
163,149,2
164,149,2
165,149,2
166,149,2
167,149,2
168,149,2
169,149,2
170,150,1
171,150,1
172,150,1
173,150,1
174,150,1
175,150,1
176,150,1
177,150,1
178,150,1
179,150,1
180,150,1
181,150,1
182,150,1
183,150,1
184,150,1
185,150,1
186,149,2
187,148,3
188,148,3
189,146,5
190,146,5
191,146,5
192,145,6
193,145,6
194,143,8
195,141,10
196,142,9
197,141,10
198,141,10
199,143,8
200,142,9
201,143,8
202,143,8
203,143,8
204,145,6
205,145,6
206,143,8
207,144,7
208,144,7
209,144,7
210,143,8
211,142,9
212,141,10
213,141,10
214,141,10
215,143,8
216,143,8
217,144,7
218,145,6
219,145,6
220,146,5
221,146,5
222,146,5
223,147,4
224,144,7
225,145,6
226,145,6
227,145,6
228,146,5
229,145,6
230,144,7
231,144,7
232,145,6
233,147,4
234,148,3
235,148,3
236,148,3
237,148,3
238,148,3
239,149,2
240,149,2
241,149,2
242,149,2
243,149,2
244,149,2
245,149,2
246,149,2
247,148,3
248,148,3
249,149,2
250,149,2
251,149,2
252,149,2
253,149,2
254,149,2
255,149,2
256,148,3
257,149,2
258,149,2
259,149,2
260,149,2
261,149,2
262,149,2
263,148,3
264,148,3
265,148,3
266,149,2
267,149,2
268,149,2
269,149,2
270,149,2
271,149,2
272,149,2
273,150,1
274,150,1
275,150,1
276,150,1
277,150,1
278,150,1
279,150,1
280,150,1
281,150,1
282,150,1
283,150,1
284,150,1
285,150,1
286,150,1
287,150,1
288,150,1
289,150,1
290,150,1
291,150,1
292,150,1
293,150,1
294,150,1
295,150,1
296,149,2
297,149,2
298,149,2
299,149,2
300,149,2
301,149,2
302,149,2
303,148,3
304,148,3
305,148,3
306,149,2
307,149,2
308,148,3
309,148,3
310,148,3
311,147,4
312,147,4
313,148,3
314,148,3
315,148,3
316,148,3
317,148,3
318,147,4
319,147,4
320,147,4
321,148,3
322,148,3
323,148,3
324,148,3
325,146,5
326,146,5
327,146,5
328,147,4
329,147,4
330,147,4
331,147,4
332,147,4
333,147,4
334,147,4
335,149,2
336,147,4
337,148,3
338,148,3
339,148,3
340,148,3
341,147,4
342,147,4
343,147,4
344,147,4
345,147,4
346,148,3
347,148,3
348,148,3
349,148,3
350,147,4
351,147,4
352,147,4
353,147,4
354,145,6
355,145,6
356,146,5
357,146,5
358,146,5
359,145,6
360,145,6
361,144,7
362,143,8
363,144,7
364,144,7
365,144,7
366,144,7
367,144,7
368,143,8
369,143,8
370,143,8
371,146,5
372,146,5
373,146,5
374,147,4
375,147,4
376,146,5
377,146,5
378,147,4
379,148,3
380,148,3
381,147,4
382,147,4
383,147,4
384,146,5
385,145,6
386,146,5
387,146,5
388,145,6
389,146,5
390,146,5
391,146,5
392,146,5
393,145,6
394,145,6
395,145,6
396,144,7
397,143,8
398,143,8
399,143,8
400,143,8
401,143,8
402,142,9
403,141,10
404,141,10
405,142,9
406,141,10
407,142,9
408,143,8
409,143,8
410,144,7
411,139,12
412,140,11
413,138,13
414,137,14
415,134,17
416,134,17
417,133,18
418,131,20
419,128,23
420,133,18
421,133,18
422,136,15
423,135,16
424,139,12
425,139,12
426,139,12
427,139,12
428,140,11
429,140,11
430,137,14
431,136,15
432,137,14
433,137,14
434,133,18
435,132,19
436,134,17
437,134,17
438,135,16
439,138,13
440,137,14
441,139,12
442,139,12
443,143,8
444,144,7
445,145,6
446,146,5
447,147,4
448,146,5
449,146,5
450,148,3
451,147,4
452,147,4
453,147,4
454,148,3
455,148,3
456,148,3
457,148,3
458,149,2
459,149,2
460,150,1
461,150,1
462,150,1
463,149,2
464,148,3
465,148,3
466,147,4
467,147,4
468,146,5
469,143,8
470,142,9
471,141,10
472,141,10
473,142,9
474,140,11
475,138,13
476,139,12
477,137,14
478,138,13
479,140,11
480,139,12
481,139,12
482,140,11
483,141,10
484,141,10
485,141,10
486,141,10
487,140,11
488,140,11
489,139,12
490,140,11
491,139,12
492,138,13
493,138,13
494,137,14
495,138,13
496,137,14
497,135,16
498,135,16
499,134,17
500,132,19
501,132,19
502,133,18
503,136,15
504,134,17
505,134,17
506,135,16
507,138,13
508,138,13
509,139,12
510,139,12
511,139,12
512,139,12
513,139,12
514,143,8
515,145,6
516,145,6
517,144,7
518,144,7
519,145,6
520,146,5
521,146,5
522,146,5
523,146,5
524,146,5
525,146,5
526,148,3
527,148,3
528,149,2
529,149,2
530,150,1
531,150,1
532,150,1
533,150,1
534,150,1
535,150,1
536,150,1
537,150,1
538,150,1
539,150,1
540,150,1
541,150,1
542,149,2
543,149,2
544,148,3
545,148,3
546,148,3
547,148,3
548,148,3
549,148,3
550,148,3
551,148,3
552,149,2
553,150,1
554,150,1
555,150,1
556,150,1
557,150,1
558,150,1
559,150,1
560,150,1
561,150,1
562,149,2
563,149,2
564,148,3
565,148,3
566,147,4
567,146,5
568,144,7
569,144,7
570,144,7
571,142,9
572,141,10
573,142,9
574,142,9
575,141,10
576,140,11
577,140,11
578,141,10
579,140,11
580,142,9
581,141,10
582,141,10
583,140,11
584,140,11
585,142,9
586,140,11
587,140,11
588,141,10
589,140,11
590,140,11
591,142,9
592,142,9
593,141,10
594,140,11
595,141,10
596,143,8
597,144,7
598,144,7
599,144,7
600,142,9
601,142,9
602,141,10
603,142,9
604,138,13
605,138,13
606,138,13
607,137,14
608,136,15
609,136,15
610,136,15
611,137,14
612,138,13
613,140,11
614,141,10
615,139,12
616,140,11
617,139,12
618,140,11
619,141,10
620,141,10
621,142,9
622,141,10
623,141,10
624,140,11
625,142,9
626,143,8
627,145,6
628,145,6
629,145,6
630,144,7
631,143,8
632,143,8
633,145,6
634,144,7
635,144,7
636,145,6
637,145,6
638,146,5
639,145,6
640,146,5
641,146,5
642,147,4
643,148,3
644,147,4
645,147,4
646,146,5
647,146,5
648,146,5
649,146,5
650,146,5
651,145,6
652,145,6
653,144,7
654,145,6
655,145,6
656,146,5
657,146,5
658,147,4
659,147,4
660,149,2
661,149,2
662,149,2
663,150,1
664,150,1
665,150,1
666,149,2
667,146,5
668,146,5
669,146,5
670,146,5
671,146,5
672,145,6
673,145,6
674,145,6
675,145,6
676,146,5
677,149,2
678,149,2
679,149,2
680,149,2
681,149,2
682,150,1
683,150,1
684,150,1
685,149,2
686,149,2
687,149,2
688,148,3
689,148,3
690,147,4
691,146,5
692,146,5
693,146,5
694,146,5
695,147,4
696,146,5
697,146,5
698,146,5
699,147,4
700,148,3
701,148,3
702,148,3
703,148,3
704,148,3
705,148,3
706,149,2
707,149,2
708,150,1
709,150,1
710,150,1
711,150,1
712,150,1
713,150,1
714,149,2
715,148,3
716,148,3
717,148,3
718,147,4
719,147,4
720,147,4
721,147,4
722,147,4
723,147,4
724,148,3
725,148,3
726,148,3
727,148,3
728,149,2
729,149,2
730,149,2
731,149,2
732,149,2
733,149,2
734,149,2
735,150,1
736,150,1
737,150,1
738,150,1
739,150,1
740,150,1
741,150,1
742,150,1
743,150,1
744,150,1
745,150,1
746,150,1
747,150,1
748,150,1
749,150,1
750,150,1
751,150,1
752,150,1
753,150,1
754,150,1
755,150,1
756,150,1
757,150,1
758,150,1
759,150,1
760,150,1
761,150,1
762,150,1
763,150,1
764,150,1
765,150,1
766,150,1
767,150,1
768,150,1
769,150,1
770,150,1
771,150,1
772,150,1
773,150,1
774,150,1
775,150,1
776,150,1
777,150,1
778,150,1
779,149,2
780,149,2
781,149,2
782,149,2
783,149,2
784,148,3
785,148,3
786,148,3
787,148,3
788,148,3
789,149,2
790,149,2
791,148,3
792,148,3
793,147,4
794,148,3
795,148,3
796,148,3
797,148,3
798,148,3
799,148,3
800,148,3
801,149,2
802,149,2
803,150,1
804,150,1
805,150,1
806,150,1
807,150,1
808,150,1
809,149,2
810,149,2
811,149,2
812,149,2
813,148,3
814,148,3
815,148,3
816,148,3
817,146,5
818,145,6
819,146,5
820,146,5
821,145,6
822,145,6
823,146,5
824,145,6
825,145,6
826,145,6
827,148,3
828,148,3
829,148,3
830,148,3
831,149,2
832,149,2
833,149,2
834,150,1
835,150,1
836,150,1
837,150,1
838,150,1
839,150,1
840,150,1
841,150,1
842,150,1
843,150,1
844,150,1
845,150,1
846,150,1
847,150,1
848,150,1
849,150,1
850,150,1
851,150,1
852,150,1
853,149,2
854,148,3
855,147,4
856,147,4
857,146,5
858,145,6
859,145,6
860,145,6
861,145,6
862,145,6
863,147,4
864,147,4
865,148,3
866,147,4
867,149,2
868,148,3
869,147,4
870,147,4
871,147,4
872,147,4
873,146,5
874,146,5
875,147,4
876,146,5
877,146,5
878,148,3
879,148,3
880,148,3
881,148,3
882,149,2
883,149,2
884,148,3
885,147,4
886,148,3
887,148,3
888,148,3
889,148,3
890,148,3
891,148,3
892,147,4
893,147,4
894,146,5
895,146,5
896,146,5
897,146,5
898,145,6
899,144,7
900,144,7
901,144,7
902,144,7
903,143,8
904,143,8
905,142,9
906,142,9
907,143,8
908,144,7
909,141,10
910,139,12
911,139,12
912,139,12
913,138,13
914,139,12
915,140,11
916,140,11
917,138,13
918,138,13
919,139,12
920,140,11
921,139,12
922,138,13
923,140,11
924,141,10
925,140,11
926,139,12
927,141,10
928,140,11
929,140,11
930,140,11
931,137,14
932,138,13
933,136,15
934,134,17
935,134,17
936,133,18
937,134,17
938,133,18
939,133,18
940,134,17
941,138,13
942,137,14
943,136,15
944,139,12
945,140,11
946,140,11
947,140,11
948,140,11
949,140,11
950,139,12
951,140,11
952,143,8
953,143,8
954,143,8
955,144,7
956,144,7
957,145,6
958,145,6
959,146,5
960,144,7
961,144,7
962,144,7
963,144,7
964,144,7
965,145,6
966,144,7
967,143,8
968,142,9
969,144,7
970,141,10
971,140,11
972,140,11
973,140,11
974,138,13
975,138,13
976,138,13
977,140,11
978,140,11
979,142,9
980,143,8
981,142,9
982,141,10
983,141,10
984,142,9
985,140,11
986,141,10
987,140,11
988,139,12
989,140,11
990,133,18
991,133,18
992,131,20
993,130,21
994,129,22
995,127,24
996,129,22
997,125,26
998,125,26
999,129,22
1000,132,19
1001,132,19
1002,132,19
1003,132,19
1004,133,18
1005,134,17
1006,136,15
1007,136,15
1008,135,16
1009,134,17
1010,134,17
1011,137,14
1012,139,12
1013,140,11
1014,141,10
1015,140,11
1016,140,11
1017,140,11
1018,143,8
1019,143,8
1020,143,8
1021,143,8
1022,143,8
1023,141,10
1024,141,10
1025,144,7
1026,144,7
1027,144,7
1028,144,7
1029,144,7
1030,144,7
1031,144,7
1032,145,6
1033,144,7
1034,141,10
1035,141,10
1036,141,10
1037,140,11
1038,141,10
1039,142,9
1040,140,11
1041,141,10
1042,139,12
1043,142,9
1044,143,8
1045,144,7
1046,144,7
1047,145,6
1048,145,6
1049,142,9
1050,144,7
1051,144,7
1052,145,6
1053,146,5
1054,146,5
1055,146,5
1056,146,5
1057,146,5
1058,147,4
1059,149,2
1060,150,1
1061,150,1
1062,151,0
1063,151,0
1064,151,0
1065,151,0
1066,151,0
1067,151,0
1068,151,0
1069,151,0
1070,151,0
1071,151,0
1072,151,0
1073,151,0
1074,151,0
1075,151,0
1076,151,0
1077,151,0
1078,151,0
1079,151,0
1080,151,0
1081,151,0
1082,151,0
1083,151,0
1084,151,0
1085,151,0
1086,151,0
1087,151,0
1088,151,0
1089,151,0
1090,151,0
1091,151,0
1092,151,0
1093,151,0
1094,151,0
1095,151,0
1096,151,0
1097,151,0
1098,151,0
1099,151,0
1100,151,0
1101,151,0
1102,151,0
1103,151,0
1104,151,0
1105,151,0
1106,151,0
1107,151,0
1108,151,0
1109,151,0
1110,151,0
1111,151,0
1112,151,0
1113,151,0
1114,151,0
1115,151,0
1116,151,0
1117,151,0
1118,151,0
1119,151,0
1120,151,0
1121,151,0
1122,151,0
1123,151,0
1124,151,0
1125,151,0
1126,151,0
1127,151,0
1128,151,0
1129,151,0
1130,151,0
1131,151,0
1132,151,0
1133,151,0
1134,151,0
1135,151,0
1136,151,0
1137,151,0
1138,151,0
1139,151,0
1140,151,0
1141,151,0
1142,151,0
1143,151,0
1144,151,0
1145,151,0
1146,151,0
1147,151,0
1148,151,0
1149,151,0
1150,151,0
1151,151,0
1152,151,0
1153,151,0
1154,151,0
1155,151,0
1156,151,0
1157,151,0
1158,151,0
1159,151,0
1160,151,0
1161,151,0
1162,151,0
1163,151,0
1164,151,0
1165,151,0
1166,151,0
1167,151,0
1168,151,0
1169,151,0
1170,151,0
1171,151,0
1172,151,0
1173,151,0
1174,151,0
1175,151,0
1176,151,0
1177,151,0
1178,151,0
1179,151,0
1180,151,0
1181,151,0
1182,151,0
1183,151,0
1184,151,0
1185,151,0
1186,151,0
1187,151,0
1188,151,0
1189,151,0
1190,151,0
1191,151,0
1192,151,0
1193,151,0
1194,151,0
1195,151,0
1196,151,0
1197,151,0
1198,151,0
1199,151,0
1200,151,0
1201,151,0
1202,151,0
1203,151,0
1204,151,0
1205,151,0
1206,151,0
1207,151,0
1208,151,0
1209,151,0
1210,151,0
1211,151,0
1212,151,0
1213,151,0
1214,151,0
1215,151,0
1216,151,0
1217,151,0
1218,151,0
1219,151,0
1220,151,0
1221,151,0
1222,151,0
1223,151,0
1224,151,0
1225,151,0
1226,151,0
1227,151,0
1228,151,0
1229,151,0
1230,151,0
1231,151,0
1232,151,0
1233,151,0
1234,151,0
1235,151,0
1236,151,0
1237,151,0
1238,151,0
1239,151,0
1240,151,0
1241,151,0
1242,151,0
1243,151,0
1244,151,0
1245,151,0
1246,151,0
1247,151,0
1248,151,0
1249,151,0
1250,151,0
1251,151,0
1252,151,0
1253,151,0
1254,151,0
1255,151,0
1256,151,0
1257,151,0
1258,151,0
1259,151,0
1260,151,0
1261,151,0
1262,151,0
1263,151,0
1264,151,0
1265,151,0
1266,151,0
1267,151,0
1268,151,0
1269,151,0
1270,151,0
1271,151,0
1272,151,0
1273,151,0
1274,151,0
1275,151,0
1276,151,0
1277,151,0
1278,151,0
1279,151,0
1280,151,0
1281,151,0
1282,151,0
1283,151,0
1284,151,0
1285,151,0
1286,151,0
1287,151,0
1288,151,0
1289,151,0
1290,151,0
1291,151,0
1292,151,0
1293,151,0
1294,151,0
1295,151,0
1296,151,0
1297,151,0
1298,151,0
1299,151,0
1300,151,0
1301,151,0
1302,151,0
1303,151,0
1304,151,0
1305,151,0
1306,151,0
1307,151,0
1308,151,0
1309,151,0
1310,151,0
1311,151,0
1312,151,0
1313,151,0
1314,151,0
1315,151,0
1316,151,0
1317,151,0
1318,151,0
1319,151,0
1320,151,0
1321,151,0
1322,151,0
1323,151,0
1324,151,0
1325,151,0
1326,151,0
1327,151,0
1328,151,0
1329,151,0
1330,151,0
1331,151,0
1332,151,0
1333,151,0
1334,151,0
1335,151,0
1336,151,0
1337,151,0
1338,151,0
1339,151,0
1340,151,0
1341,151,0
1342,151,0
1343,151,0
1344,151,0
1345,151,0
1346,151,0
1347,151,0
1348,151,0
1349,151,0
1350,151,0
1351,151,0
1352,151,0
1353,151,0
1354,151,0
1355,151,0
1356,151,0
1357,151,0
1358,151,0
1359,151,0
1360,151,0
1361,151,0
1362,151,0
1363,151,0
1364,151,0
1365,151,0
1366,151,0
1367,151,0
1368,151,0
1369,151,0
1370,151,0
1371,151,0
1372,151,0
1373,151,0
1374,151,0
1375,151,0
1376,151,0
1377,151,0
1378,151,0
1379,151,0
1380,151,0
1381,151,0
1382,151,0
1383,151,0
1384,151,0
1385,151,0
1386,151,0
1387,151,0
1388,151,0
1389,151,0
1390,151,0
1391,151,0
1392,151,0
1393,151,0
1394,151,0
1395,151,0
1396,151,0
1397,151,0
1398,151,0
1399,151,0
1400,151,0
1401,151,0
1402,151,0
1403,151,0
1404,151,0
1405,151,0
1406,151,0
1407,151,0
1408,151,0
1409,151,0
1410,151,0
1411,151,0
1412,151,0
1413,151,0
1414,151,0
1415,151,0
1416,151,0
1417,151,0
1418,151,0
1419,151,0
1420,151,0
1421,151,0
1422,151,0
1423,151,0
1424,151,0
1425,151,0
1426,151,0
1427,151,0
1428,151,0
1429,151,0
1430,151,0
1431,151,0
1432,151,0
1433,151,0
1434,151,0
1435,151,0
1436,151,0
1437,151,0
1438,151,0
1439,151,0
1440,151,0
1441,151,0
1442,151,0
1443,151,0
1444,151,0
1445,151,0
1446,151,0
1447,151,0
1448,151,0
1449,151,0
1450,151,0
1451,151,0
1452,151,0
1453,151,0
1454,151,0
1455,151,0
1456,151,0
1457,151,0
1458,151,0
1459,151,0
1460,151,0
1461,151,0
1462,151,0
1463,151,0
1464,151,0
1465,151,0
1466,151,0
1467,151,0
1468,151,0
1469,151,0
1470,151,0
1471,151,0
1472,151,0
1473,151,0
1474,151,0
1475,151,0
1476,151,0
1477,151,0
1478,151,0
1479,151,0
1480,151,0
1481,151,0
1482,151,0
1483,151,0
1484,151,0
1485,151,0
1486,151,0
1487,151,0
1488,151,0
1489,151,0
1490,151,0
1491,151,0
1492,151,0
1493,151,0
1494,151,0
1495,151,0
1496,151,0
1497,151,0
1498,151,0
1499,151,0
1500,151,0
1501,151,0
1502,151,0
1503,151,0
1504,151,0
1505,151,0
1506,151,0
1507,151,0
1508,151,0
1509,151,0
1510,151,0
1511,151,0
1512,151,0
1513,151,0
1514,151,0
1515,151,0
1516,151,0
1517,151,0
1518,151,0
1519,151,0
1520,151,0
1521,151,0
1522,151,0
1523,151,0
1524,151,0
1525,151,0
1526,151,0
1527,151,0
1528,151,0
1529,151,0
1530,151,0
1531,151,0
1532,151,0
1533,151,0
1534,151,0
1535,151,0
1536,151,0
1537,151,0
1538,151,0
1539,151,0
1540,151,0
1541,151,0
1542,151,0
1543,151,0
1544,151,0
1545,151,0
1546,151,0
1547,151,0
1548,151,0
1549,151,0
1550,151,0
1551,151,0
1552,151,0
1553,151,0
1554,151,0
1555,151,0
1556,151,0
1557,151,0
1558,151,0
1559,151,0
1560,151,0
1561,151,0
1562,151,0
1563,151,0
1564,151,0
1565,151,0
1566,151,0
1567,151,0
1568,151,0
1569,151,0
1570,151,0
1571,151,0
1572,151,0
1573,151,0
1574,151,0
1575,151,0
1576,151,0
1577,151,0
1578,151,0
1579,151,0
1580,151,0
1581,151,0
1582,151,0
1583,151,0
1584,151,0
1585,151,0
1586,151,0
1587,151,0
1588,151,0
1589,151,0
1590,151,0
1591,151,0
1592,151,0
1593,151,0
1594,151,0
1595,151,0
1596,151,0
1597,151,0
1598,151,0
1599,151,0
1600,151,0
1601,151,0
1602,151,0
1603,151,0
1604,151,0
1605,151,0
1606,151,0
1607,151,0
1608,151,0
1609,151,0
1610,151,0
1611,151,0
1612,151,0
1613,151,0
1614,151,0
1615,151,0
1616,151,0
1617,151,0
1618,151,0
1619,151,0
1620,151,0
1621,151,0
1622,151,0
1623,151,0
1624,151,0
1625,151,0
1626,151,0
1627,151,0
1628,151,0
1629,151,0
1630,151,0
1631,151,0
1632,151,0
1633,151,0
1634,151,0
1635,151,0
1636,151,0
1637,151,0
1638,151,0
1639,151,0
1640,151,0
1641,151,0
1642,151,0
1643,151,0
1644,151,0
1645,151,0
1646,151,0
1647,151,0
1648,151,0
1649,151,0
1650,151,0
1651,151,0
1652,151,0
1653,151,0
1654,151,0
1655,151,0
1656,151,0
1657,151,0
1658,151,0
1659,151,0
1660,151,0
1661,151,0
1662,151,0
1663,151,0
1664,151,0
1665,151,0
1666,151,0
1667,151,0
1668,151,0
1669,151,0
1670,151,0
1671,151,0
1672,151,0
1673,151,0
1674,151,0
1675,151,0
1676,151,0
1677,151,0
1678,151,0
1679,151,0
1680,151,0
1681,151,0
1682,151,0
1683,151,0
1684,151,0
1685,151,0
1686,151,0
1687,151,0
1688,151,0
1689,151,0
1690,151,0
1691,151,0
1692,151,0
1693,151,0
1694,151,0
1695,151,0
1696,151,0
1697,151,0
1698,151,0
1699,151,0
1700,151,0
1701,151,0
1702,151,0
1703,151,0
1704,151,0
1705,151,0
1706,151,0
1707,151,0
1708,151,0
1709,151,0
1710,151,0
1711,151,0
1712,151,0
1713,151,0
1714,151,0
1715,151,0
1716,151,0
1717,151,0
1718,151,0
1719,151,0
1720,151,0
1721,151,0
1722,151,0
1723,151,0
1724,151,0
1725,151,0
1726,151,0
1727,151,0
1728,151,0
1729,151,0
1730,151,0
1731,151,0
1732,151,0
1733,151,0
1734,151,0
1735,151,0
1736,151,0
1737,151,0
1738,151,0
1739,151,0
1740,151,0
1741,151,0
1742,151,0
1743,151,0
1744,151,0
1745,151,0
1746,151,0
1747,151,0
1748,151,0
1749,151,0
1750,151,0
1751,151,0
1752,151,0
1753,151,0
1754,151,0
1755,151,0
1756,151,0
1757,151,0
1758,151,0
1759,151,0
1760,151,0
1761,151,0
1762,151,0
1763,151,0
1764,151,0
1765,151,0
1766,151,0
1767,151,0
1768,151,0
1769,151,0
1770,151,0
1771,151,0
1772,151,0
1773,151,0
1774,151,0
1775,151,0
1776,151,0
1777,151,0
1778,151,0
1779,151,0
1780,151,0
1781,151,0
1782,151,0
1783,151,0
1784,151,0
1785,151,0
1786,151,0
1787,151,0
1788,151,0
1789,151,0
1790,151,0
1791,151,0
1792,151,0
1793,151,0
1794,151,0
1795,151,0
1796,151,0
1797,151,0
1798,151,0
1799,151,0
1800,151,0
1801,151,0
1802,151,0
1803,151,0
1804,151,0
1805,151,0
1806,151,0
1807,151,0
1808,151,0
1809,151,0
1810,151,0
1811,151,0
1812,151,0
1813,151,0
1814,151,0
1815,151,0
1816,151,0
1817,151,0
1818,151,0
1819,151,0
1820,151,0
1821,151,0
1822,151,0
1823,151,0
1824,151,0
1825,151,0
1826,151,0
1827,151,0
1828,151,0
1829,151,0
1830,151,0
1831,151,0
1832,151,0
1833,151,0
1834,151,0
1835,151,0
1836,151,0
1837,151,0
1838,151,0
1839,151,0
1840,151,0
1841,151,0
1842,151,0
1843,151,0
1844,151,0
1845,151,0
1846,151,0
1847,151,0
1848,151,0
1849,151,0
1850,151,0
1851,151,0
1852,151,0
1853,151,0
1854,151,0
1855,151,0
1856,151,0
1857,151,0
1858,151,0
1859,151,0
1860,151,0
1861,151,0
1862,151,0
1863,151,0
1864,151,0
1865,151,0
1866,151,0
1867,151,0
1868,151,0
1869,151,0
1870,151,0
1871,151,0
1872,151,0
1873,151,0
1874,151,0
1875,151,0
1876,151,0
1877,151,0
1878,151,0
1879,151,0
1880,151,0
1881,151,0
1882,151,0
1883,151,0
1884,151,0
1885,151,0
1886,151,0
1887,151,0
1888,151,0
1889,151,0
1890,151,0
1891,151,0
1892,151,0
1893,151,0
1894,151,0
1895,151,0
1896,151,0
1897,151,0
1898,151,0
1899,151,0
1900,151,0
1901,151,0
1902,151,0
1903,151,0
1904,151,0
1905,151,0
1906,151,0
1907,151,0
1908,151,0
1909,151,0
1910,151,0
1911,151,0
1912,151,0
1913,151,0
1914,151,0
1915,151,0
1916,151,0
1917,151,0
1918,151,0
1919,151,0
1920,151,0
1921,151,0
1922,151,0
1923,151,0
1924,151,0
1925,151,0
1926,151,0
1927,151,0
1928,151,0
1929,151,0
1930,151,0
1931,151,0
1932,151,0
1933,151,0
1934,151,0
1935,151,0
1936,151,0
1937,151,0
1938,151,0
1939,151,0
1940,151,0
1941,151,0
1942,151,0
1943,151,0
1944,151,0
1945,151,0
1946,151,0
1947,151,0
1948,151,0
1949,151,0
1950,151,0
1951,151,0
1952,151,0
1953,151,0
1954,151,0
1955,151,0
1956,151,0
1957,151,0
1958,151,0
1959,151,0
1960,151,0
1961,151,0
1962,151,0
1963,151,0
1964,151,0
1965,151,0
1966,151,0
1967,151,0
1968,151,0
1969,151,0
1970,151,0
1971,151,0
1972,151,0
1973,151,0
1974,151,0
1975,151,0
1976,151,0
1977,151,0
1978,151,0
1979,151,0
1980,151,0
1981,151,0
1982,151,0
1983,151,0
1984,151,0
1985,151,0
1986,151,0
1987,151,0
1988,151,0
1989,151,0
1990,151,0
1991,151,0
1992,151,0
1993,151,0
1994,151,0
1995,151,0
1996,151,0
1997,151,0
1998,151,0
1999,151,0
2000,151,0
2001,151,0
2002,151,0
2003,151,0
2004,151,0
2005,151,0
2006,151,0
2007,151,0
2008,151,0
2009,151,0
2010,151,0
2011,151,0
2012,151,0
2013,151,0
2014,151,0
2015,151,0
2016,151,0
2017,151,0
2018,151,0
2019,151,0
2020,151,0
2021,151,0
2022,151,0
2023,151,0
2024,151,0
2025,151,0
2026,151,0
2027,151,0
2028,151,0
2029,151,0
2030,151,0
2031,151,0
2032,151,0
2033,151,0
2034,151,0
2035,151,0
2036,151,0
2037,151,0
2038,151,0
2039,151,0
2040,151,0
2041,151,0
2042,151,0
2043,151,0
2044,151,0
2045,151,0
2046,151,0
2047,151,0
2048,151,0
2049,151,0
2050,151,0
2051,151,0
2052,151,0
2053,151,0
2054,151,0
2055,151,0
2056,151,0
2057,151,0
2058,151,0
2059,151,0
2060,151,0
2061,151,0
2062,151,0
2063,151,0
2064,151,0
2065,151,0
2066,151,0
2067,151,0
2068,151,0
2069,151,0
2070,151,0
2071,151,0
2072,151,0
2073,151,0
2074,151,0
2075,151,0
2076,151,0
2077,151,0
2078,151,0
2079,151,0
2080,151,0
2081,151,0
2082,151,0
2083,151,0
2084,151,0
2085,151,0
2086,151,0
2087,151,0
2088,151,0
2089,151,0
2090,151,0
2091,151,0
2092,151,0
2093,151,0
2094,151,0
2095,151,0
2096,151,0
2097,151,0
2098,151,0
2099,151,0
2100,151,0
2101,151,0
2102,151,0
2103,151,0
2104,151,0
2105,151,0
2106,151,0
2107,151,0
2108,151,0
2109,151,0
2110,151,0
2111,151,0
2112,151,0
2113,151,0
2114,151,0
2115,151,0
2116,151,0
2117,151,0
2118,151,0
2119,151,0
2120,151,0
2121,151,0
2122,151,0
2123,151,0
2124,151,0
2125,151,0
2126,151,0
2127,151,0
2128,151,0
2129,151,0
2130,151,0
2131,151,0
2132,151,0
2133,151,0
2134,151,0
2135,151,0
2136,151,0
2137,151,0
2138,151,0
2139,151,0
2140,151,0
2141,151,0
2142,151,0
2143,151,0
2144,151,0
2145,151,0
2146,151,0
2147,151,0
2148,151,0
2149,151,0
2150,151,0
2151,151,0
2152,151,0
2153,151,0
2154,151,0
2155,151,0
2156,151,0
2157,151,0
2158,151,0
2159,151,0
2160,151,0
2161,151,0
2162,151,0
2163,151,0
2164,151,0
2165,151,0
2166,151,0
2167,151,0
2168,151,0
2169,151,0
2170,151,0
2171,151,0
2172,151,0
2173,151,0
2174,151,0
2175,151,0
2176,151,0
2177,151,0
2178,151,0
2179,151,0
2180,151,0
2181,151,0
2182,151,0
2183,151,0
2184,151,0
2185,151,0
2186,151,0
2187,151,0
2188,151,0
2189,151,0
2190,151,0
2191,151,0
2192,151,0
2193,151,0
2194,151,0
2195,151,0
2196,151,0
2197,151,0
2198,151,0
2199,151,0
2200,151,0
2201,151,0
2202,151,0
2203,151,0
2204,151,0
2205,151,0
2206,151,0
2207,151,0
2208,151,0
2209,151,0
2210,151,0
2211,151,0
2212,151,0
2213,151,0
2214,151,0
2215,151,0
2216,151,0
2217,151,0
2218,151,0
2219,151,0
2220,151,0
2221,151,0
2222,151,0
2223,151,0
2224,151,0
2225,151,0
2226,151,0
2227,151,0
2228,151,0
2229,151,0
2230,151,0
2231,151,0
2232,151,0
2233,151,0
2234,151,0
2235,151,0
2236,151,0
2237,151,0
2238,151,0
2239,151,0
2240,151,0
2241,151,0
2242,151,0
2243,151,0
2244,151,0
2245,151,0
2246,151,0
2247,151,0
2248,151,0
2249,151,0
2250,151,0
2251,151,0
2252,151,0
2253,151,0
2254,151,0
2255,151,0
2256,151,0
2257,151,0
2258,151,0
2259,151,0
2260,151,0
2261,151,0
2262,151,0
2263,151,0
2264,151,0
2265,151,0
2266,151,0
2267,151,0
2268,151,0
2269,151,0
2270,151,0
2271,151,0
2272,151,0
2273,151,0
2274,151,0
2275,151,0
2276,151,0
2277,151,0
2278,151,0
2279,151,0
2280,151,0
2281,151,0
2282,151,0
2283,151,0
2284,151,0
2285,151,0
2286,151,0
2287,151,0
2288,151,0
2289,151,0
2290,151,0
2291,151,0
2292,151,0
2293,151,0
2294,151,0
2295,151,0
2296,151,0
2297,151,0
2298,151,0
2299,151,0
2300,151,0
2301,151,0
2302,151,0
2303,151,0
2304,151,0
2305,151,0
2306,151,0
2307,151,0
2308,151,0
2309,151,0
2310,151,0
2311,151,0
2312,151,0
2313,151,0
2314,151,0
2315,151,0
2316,151,0
2317,151,0
2318,151,0
2319,151,0
2320,151,0
2321,151,0
2322,151,0
2323,151,0
2324,151,0
2325,151,0
2326,151,0
2327,151,0
2328,151,0
2329,151,0
2330,151,0
2331,151,0
2332,151,0
2333,151,0
2334,151,0
2335,151,0
2336,151,0
2337,151,0
2338,151,0
2339,151,0
2340,151,0
2341,151,0
2342,151,0
2343,151,0
2344,151,0
2345,151,0
2346,151,0
2347,151,0
2348,151,0
2349,151,0
2350,151,0
2351,151,0
2352,151,0
2353,151,0
2354,151,0
2355,151,0
2356,151,0
2357,151,0
2358,151,0
2359,151,0
2360,151,0
2361,151,0
2362,151,0
2363,151,0
2364,151,0
2365,151,0
2366,151,0
2367,151,0
2368,151,0
2369,151,0
2370,151,0
2371,151,0
2372,151,0
2373,151,0
2374,151,0
2375,151,0
2376,151,0
2377,151,0
2378,151,0
2379,151,0
2380,151,0
2381,151,0
2382,151,0
2383,151,0
2384,151,0
2385,151,0
2386,151,0
2387,151,0
2388,151,0
2389,151,0
2390,151,0
2391,151,0
2392,151,0
2393,151,0
2394,151,0
2395,151,0
2396,151,0
2397,151,0
2398,151,0
2399,151,0
2400,151,0
2401,151,0
2402,151,0
2403,151,0
2404,151,0
2405,151,0
2406,151,0
2407,151,0
2408,151,0
2409,151,0
2410,151,0
2411,151,0
2412,151,0
2413,151,0
2414,151,0
2415,151,0
2416,151,0
2417,151,0
2418,151,0
2419,151,0
2420,151,0
2421,151,0
2422,151,0
2423,151,0
2424,151,0
2425,151,0
2426,151,0
2427,151,0
2428,151,0
2429,151,0
2430,151,0
2431,151,0
2432,151,0
2433,151,0
2434,151,0
2435,151,0
2436,151,0
2437,151,0
2438,151,0
2439,151,0
2440,151,0
2441,151,0
2442,151,0
2443,151,0
2444,151,0
2445,151,0
2446,151,0
2447,151,0
2448,151,0
2449,151,0
2450,151,0
2451,151,0
2452,151,0
2453,151,0
2454,151,0
2455,151,0
2456,151,0
2457,151,0
2458,151,0
2459,151,0
2460,151,0
2461,151,0
2462,151,0
2463,151,0
2464,151,0
2465,151,0
2466,151,0
2467,151,0
2468,151,0
2469,151,0
2470,151,0
2471,151,0
2472,151,0
2473,151,0
2474,151,0
2475,151,0
2476,151,0
2477,151,0
2478,151,0
2479,151,0
2480,151,0
2481,151,0
2482,151,0
2483,151,0
2484,151,0
2485,151,0
2486,151,0
2487,151,0
2488,151,0
2489,151,0
2490,151,0
2491,151,0
2492,151,0
2493,151,0
2494,151,0
2495,151,0
2496,151,0
2497,151,0
2498,151,0
2499,151,0
2500,151,0
2501,151,0
2502,151,0
2503,151,0
2504,151,0
2505,151,0
2506,151,0
2507,151,0
2508,151,0
2509,151,0
2510,151,0
2511,151,0
2512,151,0
2513,151,0
2514,151,0
2515,151,0
2516,151,0
2517,151,0
2518,151,0
2519,151,0
2520,151,0
2521,151,0
2522,151,0
2523,151,0
2524,151,0
2525,151,0
2526,151,0
2527,151,0
2528,151,0
2529,151,0
2530,151,0
2531,151,0
2532,151,0
2533,151,0
2534,151,0
2535,151,0
2536,151,0
2537,151,0
2538,151,0
2539,151,0
2540,151,0
2541,151,0
2542,151,0
2543,151,0
2544,151,0
2545,151,0
2546,151,0
2547,151,0
2548,151,0
2549,151,0
2550,151,0
2551,151,0
2552,151,0
2553,151,0
2554,151,0
2555,151,0
2556,151,0
2557,151,0
2558,151,0
2559,151,0
2560,151,0
2561,151,0
2562,151,0
2563,151,0
2564,151,0
2565,151,0
2566,151,0
2567,151,0
2568,151,0
2569,151,0
2570,151,0
2571,151,0
2572,151,0
2573,151,0
2574,151,0
2575,151,0
2576,151,0
2577,151,0
2578,151,0
2579,151,0
2580,151,0
2581,151,0
2582,151,0
2583,151,0
2584,151,0
2585,151,0
2586,151,0
2587,151,0
2588,151,0
2589,151,0
2590,151,0
2591,151,0
2592,151,0
2593,151,0
2594,151,0
2595,151,0
2596,151,0
2597,151,0
2598,151,0
2599,151,0
2600,151,0
2601,151,0
2602,151,0
2603,151,0
2604,151,0
2605,151,0
2606,151,0
2607,151,0
2608,151,0
2609,151,0
2610,151,0
2611,151,0
2612,151,0
2613,151,0
2614,151,0
2615,151,0
2616,151,0
2617,151,0
2618,151,0
2619,151,0
2620,151,0
2621,151,0
2622,151,0
2623,151,0
2624,151,0
2625,151,0
2626,151,0
2627,151,0
2628,151,0
2629,151,0
2630,151,0
2631,151,0
2632,151,0
2633,151,0
2634,151,0
2635,151,0
2636,151,0
2637,151,0
2638,151,0
2639,151,0
2640,151,0
2641,151,0
2642,151,0
2643,151,0
2644,151,0
2645,151,0
2646,151,0
2647,151,0
2648,151,0
2649,151,0
2650,151,0
2651,151,0
2652,151,0
2653,151,0
2654,151,0
2655,151,0
2656,151,0
2657,151,0
2658,151,0
2659,151,0
2660,151,0
2661,151,0
2662,151,0
2663,151,0
2664,151,0
2665,151,0
2666,151,0
2667,151,0
2668,151,0
2669,151,0
2670,151,0
2671,151,0
2672,151,0
2673,151,0
2674,151,0
2675,151,0
2676,151,0
2677,151,0
2678,151,0
2679,151,0
2680,151,0
2681,151,0
2682,151,0
2683,151,0
2684,151,0
2685,151,0
2686,151,0
2687,151,0
2688,151,0
2689,151,0
2690,151,0
2691,151,0
2692,151,0
2693,151,0
2694,151,0
2695,151,0
2696,151,0
2697,151,0
2698,151,0
2699,151,0
2700,151,0
2701,151,0
2702,151,0
2703,151,0
2704,151,0
2705,151,0
2706,151,0
2707,151,0
2708,151,0
2709,151,0
2710,151,0
2711,151,0
2712,151,0
2713,151,0
2714,151,0
2715,151,0
2716,151,0
2717,151,0
2718,151,0
2719,151,0
2720,151,0
2721,151,0
2722,151,0
2723,151,0
2724,151,0
2725,151,0
2726,151,0
2727,151,0
2728,151,0
2729,151,0
2730,151,0
2731,151,0
2732,151,0
2733,151,0
2734,151,0
2735,151,0
2736,151,0
2737,151,0
2738,151,0
2739,151,0
2740,151,0
2741,151,0
2742,151,0
2743,151,0
2744,151,0
2745,151,0
2746,151,0
2747,151,0
2748,151,0
2749,151,0
2750,151,0
2751,151,0
2752,151,0
2753,151,0
2754,151,0
2755,151,0
2756,151,0
2757,151,0
2758,151,0
2759,151,0
2760,151,0
2761,151,0
2762,151,0
2763,151,0
2764,151,0
2765,151,0
2766,151,0
2767,151,0
2768,151,0
2769,151,0
2770,151,0
2771,151,0
2772,151,0
2773,151,0
2774,151,0
2775,151,0
2776,151,0
2777,151,0
2778,151,0
2779,151,0
2780,151,0
2781,151,0
2782,151,0
2783,151,0
2784,151,0
2785,151,0
2786,151,0
2787,151,0
2788,151,0
2789,151,0
2790,151,0
2791,151,0
2792,151,0
2793,151,0
2794,151,0
2795,151,0
2796,151,0
2797,151,0
2798,151,0
2799,151,0
2800,151,0
2801,151,0
2802,151,0
2803,151,0
2804,151,0
2805,151,0
2806,151,0
2807,151,0
2808,151,0
2809,151,0
2810,151,0
2811,151,0
2812,151,0
2813,151,0
2814,151,0
2815,151,0
2816,151,0
2817,151,0
2818,151,0
2819,151,0
2820,151,0
2821,151,0
2822,151,0
2823,151,0
2824,151,0
2825,151,0
2826,151,0
2827,151,0
2828,151,0
2829,151,0
2830,151,0
2831,151,0
2832,151,0
2833,151,0
2834,151,0
2835,151,0
2836,151,0
2837,151,0
2838,151,0
2839,151,0
2840,151,0
2841,151,0
2842,151,0
2843,151,0
2844,151,0
2845,151,0
2846,151,0
2847,151,0
2848,151,0
2849,151,0
2850,151,0
2851,151,0
2852,151,0
2853,151,0
2854,151,0
2855,151,0
2856,151,0
2857,151,0
2858,151,0
2859,151,0
2860,151,0
2861,151,0
2862,151,0
2863,151,0
2864,151,0
2865,151,0
2866,151,0
2867,151,0
2868,151,0
2869,151,0
2870,151,0
2871,151,0
2872,151,0
2873,151,0
2874,151,0
2875,151,0
2876,151,0
2877,151,0
2878,151,0
2879,151,0
2880,151,0
2881,151,0
2882,151,0
2883,151,0
2884,151,0
2885,151,0
2886,151,0
2887,151,0
2888,151,0
2889,151,0
2890,151,0
2891,151,0
2892,151,0
2893,151,0
2894,151,0
2895,151,0
2896,151,0
2897,151,0
2898,151,0
2899,151,0
2900,151,0
2901,151,0
2902,151,0
2903,151,0
2904,151,0
2905,151,0
2906,151,0
2907,151,0
2908,151,0
2909,151,0
2910,151,0
2911,151,0
2912,151,0
2913,151,0
2914,151,0
2915,151,0
2916,151,0
2917,151,0
2918,151,0
